--
-- PostgreSQL database dump
--

-- Dumped from database version 14.11 (Ubuntu 14.11-0ubuntu0.22.04.1)
-- Dumped by pg_dump version 14.11 (Ubuntu 14.11-0ubuntu0.22.04.1)

SET statement_timeout = 0;
SET lock_timeout = 0;
SET idle_in_transaction_session_timeout = 0;
SET client_encoding = 'UTF8';
SET standard_conforming_strings = on;
SELECT pg_catalog.set_config('search_path', '', false);
SET check_function_bodies = false;
SET xmloption = content;
SET client_min_messages = warning;
SET row_security = off;

SET default_tablespace = '';

SET default_table_access_method = heap;

--
-- Name: account_user; Type: TABLE; Schema: public; Owner: dastan
--

CREATE TABLE public.account_user (
    password character varying(128) NOT NULL,
    last_login timestamp with time zone,
    email character varying(254) NOT NULL,
    name character varying(30) NOT NULL,
    last_name character varying(30) NOT NULL,
    is_active boolean NOT NULL,
    is_staff boolean NOT NULL,
    activation_code character varying(50) NOT NULL
);


ALTER TABLE public.account_user OWNER TO dastan;

--
-- Name: auth_group; Type: TABLE; Schema: public; Owner: dastan
--

CREATE TABLE public.auth_group (
    id integer NOT NULL,
    name character varying(150) NOT NULL
);


ALTER TABLE public.auth_group OWNER TO dastan;

--
-- Name: auth_group_id_seq; Type: SEQUENCE; Schema: public; Owner: dastan
--

ALTER TABLE public.auth_group ALTER COLUMN id ADD GENERATED BY DEFAULT AS IDENTITY (
    SEQUENCE NAME public.auth_group_id_seq
    START WITH 1
    INCREMENT BY 1
    NO MINVALUE
    NO MAXVALUE
    CACHE 1
);


--
-- Name: auth_group_permissions; Type: TABLE; Schema: public; Owner: dastan
--

CREATE TABLE public.auth_group_permissions (
    id bigint NOT NULL,
    group_id integer NOT NULL,
    permission_id integer NOT NULL
);


ALTER TABLE public.auth_group_permissions OWNER TO dastan;

--
-- Name: auth_group_permissions_id_seq; Type: SEQUENCE; Schema: public; Owner: dastan
--

ALTER TABLE public.auth_group_permissions ALTER COLUMN id ADD GENERATED BY DEFAULT AS IDENTITY (
    SEQUENCE NAME public.auth_group_permissions_id_seq
    START WITH 1
    INCREMENT BY 1
    NO MINVALUE
    NO MAXVALUE
    CACHE 1
);


--
-- Name: auth_permission; Type: TABLE; Schema: public; Owner: dastan
--

CREATE TABLE public.auth_permission (
    id integer NOT NULL,
    name character varying(255) NOT NULL,
    content_type_id integer NOT NULL,
    codename character varying(100) NOT NULL
);


ALTER TABLE public.auth_permission OWNER TO dastan;

--
-- Name: auth_permission_id_seq; Type: SEQUENCE; Schema: public; Owner: dastan
--

ALTER TABLE public.auth_permission ALTER COLUMN id ADD GENERATED BY DEFAULT AS IDENTITY (
    SEQUENCE NAME public.auth_permission_id_seq
    START WITH 1
    INCREMENT BY 1
    NO MINVALUE
    NO MAXVALUE
    CACHE 1
);


--
-- Name: authtoken_token; Type: TABLE; Schema: public; Owner: dastan
--

CREATE TABLE public.authtoken_token (
    key character varying(40) NOT NULL,
    created timestamp with time zone NOT NULL,
    user_id character varying(254) NOT NULL
);


ALTER TABLE public.authtoken_token OWNER TO dastan;

--
-- Name: django_admin_log; Type: TABLE; Schema: public; Owner: dastan
--

CREATE TABLE public.django_admin_log (
    id integer NOT NULL,
    action_time timestamp with time zone NOT NULL,
    object_id text,
    object_repr character varying(200) NOT NULL,
    action_flag smallint NOT NULL,
    change_message text NOT NULL,
    content_type_id integer,
    user_id character varying(254) NOT NULL,
    CONSTRAINT django_admin_log_action_flag_check CHECK ((action_flag >= 0))
);


ALTER TABLE public.django_admin_log OWNER TO dastan;

--
-- Name: django_admin_log_id_seq; Type: SEQUENCE; Schema: public; Owner: dastan
--

ALTER TABLE public.django_admin_log ALTER COLUMN id ADD GENERATED BY DEFAULT AS IDENTITY (
    SEQUENCE NAME public.django_admin_log_id_seq
    START WITH 1
    INCREMENT BY 1
    NO MINVALUE
    NO MAXVALUE
    CACHE 1
);


--
-- Name: django_content_type; Type: TABLE; Schema: public; Owner: dastan
--

CREATE TABLE public.django_content_type (
    id integer NOT NULL,
    app_label character varying(100) NOT NULL,
    model character varying(100) NOT NULL
);


ALTER TABLE public.django_content_type OWNER TO dastan;

--
-- Name: django_content_type_id_seq; Type: SEQUENCE; Schema: public; Owner: dastan
--

ALTER TABLE public.django_content_type ALTER COLUMN id ADD GENERATED BY DEFAULT AS IDENTITY (
    SEQUENCE NAME public.django_content_type_id_seq
    START WITH 1
    INCREMENT BY 1
    NO MINVALUE
    NO MAXVALUE
    CACHE 1
);


--
-- Name: django_migrations; Type: TABLE; Schema: public; Owner: dastan
--

CREATE TABLE public.django_migrations (
    id bigint NOT NULL,
    app character varying(255) NOT NULL,
    name character varying(255) NOT NULL,
    applied timestamp with time zone NOT NULL
);


ALTER TABLE public.django_migrations OWNER TO dastan;

--
-- Name: django_migrations_id_seq; Type: SEQUENCE; Schema: public; Owner: dastan
--

ALTER TABLE public.django_migrations ALTER COLUMN id ADD GENERATED BY DEFAULT AS IDENTITY (
    SEQUENCE NAME public.django_migrations_id_seq
    START WITH 1
    INCREMENT BY 1
    NO MINVALUE
    NO MAXVALUE
    CACHE 1
);


--
-- Name: django_session; Type: TABLE; Schema: public; Owner: dastan
--

CREATE TABLE public.django_session (
    session_key character varying(40) NOT NULL,
    session_data text NOT NULL,
    expire_date timestamp with time zone NOT NULL
);


ALTER TABLE public.django_session OWNER TO dastan;

--
-- Name: hotel_booking; Type: TABLE; Schema: public; Owner: dastan
--

CREATE TABLE public.hotel_booking (
    id bigint NOT NULL,
    check_in_date date NOT NULL,
    check_out_date date NOT NULL,
    user_id character varying(254) NOT NULL,
    hotel_id bigint NOT NULL
);


ALTER TABLE public.hotel_booking OWNER TO dastan;

--
-- Name: hotel_booking_id_seq; Type: SEQUENCE; Schema: public; Owner: dastan
--

ALTER TABLE public.hotel_booking ALTER COLUMN id ADD GENERATED BY DEFAULT AS IDENTITY (
    SEQUENCE NAME public.hotel_booking_id_seq
    START WITH 1
    INCREMENT BY 1
    NO MINVALUE
    NO MAXVALUE
    CACHE 1
);


--
-- Name: hotel_favoritehotel; Type: TABLE; Schema: public; Owner: dastan
--

CREATE TABLE public.hotel_favoritehotel (
    id bigint NOT NULL,
    user_id character varying(254) NOT NULL,
    hotel_id bigint NOT NULL
);


ALTER TABLE public.hotel_favoritehotel OWNER TO dastan;

--
-- Name: hotel_favoritehotel_id_seq; Type: SEQUENCE; Schema: public; Owner: dastan
--

ALTER TABLE public.hotel_favoritehotel ALTER COLUMN id ADD GENERATED BY DEFAULT AS IDENTITY (
    SEQUENCE NAME public.hotel_favoritehotel_id_seq
    START WITH 1
    INCREMENT BY 1
    NO MINVALUE
    NO MAXVALUE
    CACHE 1
);


--
-- Name: hotel_hotel; Type: TABLE; Schema: public; Owner: dastan
--

CREATE TABLE public.hotel_hotel (
    id bigint NOT NULL,
    name character varying(100) NOT NULL,
    phone_number character varying(20) NOT NULL,
    price numeric(10,2) NOT NULL,
    tags character varying(100) NOT NULL,
    description text NOT NULL,
    photo character varying(100) NOT NULL,
    stars integer NOT NULL,
    owner_id character varying(254) NOT NULL,
    like_count integer NOT NULL,
    CONSTRAINT hotel_hotel_like_count_check CHECK ((like_count >= 0)),
    CONSTRAINT hotel_hotel_stars_check CHECK ((stars >= 0))
);


ALTER TABLE public.hotel_hotel OWNER TO dastan;

--
-- Name: hotel_hotel_id_seq; Type: SEQUENCE; Schema: public; Owner: dastan
--

ALTER TABLE public.hotel_hotel ALTER COLUMN id ADD GENERATED BY DEFAULT AS IDENTITY (
    SEQUENCE NAME public.hotel_hotel_id_seq
    START WITH 1
    INCREMENT BY 1
    NO MINVALUE
    NO MAXVALUE
    CACHE 1
);


--
-- Name: hotel_hotellike; Type: TABLE; Schema: public; Owner: dastan
--

CREATE TABLE public.hotel_hotellike (
    id bigint NOT NULL,
    created_at timestamp with time zone NOT NULL,
    hotel_id bigint NOT NULL,
    user_id character varying(254) NOT NULL
);


ALTER TABLE public.hotel_hotellike OWNER TO dastan;

--
-- Name: hotel_hotellike_id_seq; Type: SEQUENCE; Schema: public; Owner: dastan
--

ALTER TABLE public.hotel_hotellike ALTER COLUMN id ADD GENERATED BY DEFAULT AS IDENTITY (
    SEQUENCE NAME public.hotel_hotellike_id_seq
    START WITH 1
    INCREMENT BY 1
    NO MINVALUE
    NO MAXVALUE
    CACHE 1
);


--
-- Name: hotel_review; Type: TABLE; Schema: public; Owner: dastan
--

CREATE TABLE public.hotel_review (
    id bigint NOT NULL,
    rating integer NOT NULL,
    comment text NOT NULL,
    created_at timestamp with time zone NOT NULL,
    hotel_id bigint NOT NULL,
    user_id character varying(254) NOT NULL,
    CONSTRAINT hotel_review_rating_check CHECK ((rating >= 0))
);


ALTER TABLE public.hotel_review OWNER TO dastan;

--
-- Name: hotel_review_id_seq; Type: SEQUENCE; Schema: public; Owner: dastan
--

ALTER TABLE public.hotel_review ALTER COLUMN id ADD GENERATED BY DEFAULT AS IDENTITY (
    SEQUENCE NAME public.hotel_review_id_seq
    START WITH 1
    INCREMENT BY 1
    NO MINVALUE
    NO MAXVALUE
    CACHE 1
);


--
-- Name: hotel_reviewlike; Type: TABLE; Schema: public; Owner: dastan
--

CREATE TABLE public.hotel_reviewlike (
    id bigint NOT NULL,
    created_at timestamp with time zone NOT NULL,
    review_id bigint NOT NULL,
    user_id character varying(254) NOT NULL
);


ALTER TABLE public.hotel_reviewlike OWNER TO dastan;

--
-- Name: hotel_reviewlike_id_seq; Type: SEQUENCE; Schema: public; Owner: dastan
--

ALTER TABLE public.hotel_reviewlike ALTER COLUMN id ADD GENERATED BY DEFAULT AS IDENTITY (
    SEQUENCE NAME public.hotel_reviewlike_id_seq
    START WITH 1
    INCREMENT BY 1
    NO MINVALUE
    NO MAXVALUE
    CACHE 1
);


--
-- Name: hotel_room; Type: TABLE; Schema: public; Owner: dastan
--

CREATE TABLE public.hotel_room (
    id bigint NOT NULL,
    number character varying(20) NOT NULL,
    price numeric(10,2) NOT NULL,
    hotel_id bigint NOT NULL
);


ALTER TABLE public.hotel_room OWNER TO dastan;

--
-- Name: hotel_room_id_seq; Type: SEQUENCE; Schema: public; Owner: dastan
--

ALTER TABLE public.hotel_room ALTER COLUMN id ADD GENERATED BY DEFAULT AS IDENTITY (
    SEQUENCE NAME public.hotel_room_id_seq
    START WITH 1
    INCREMENT BY 1
    NO MINVALUE
    NO MAXVALUE
    CACHE 1
);


--
-- Data for Name: account_user; Type: TABLE DATA; Schema: public; Owner: dastan
--

COPY public.account_user (password, last_login, email, name, last_name, is_active, is_staff, activation_code) FROM stdin;
pbkdf2_sha256$720000$qbIgQVcCCtT3rbHafs8r4E$TANemRxHIZG4zz7ulwbYxMIKvpnvJNVHOso21L2gQFo=	\N	das@gmail.com	Dastan		t	f	
\.


--
-- Data for Name: auth_group; Type: TABLE DATA; Schema: public; Owner: dastan
--

COPY public.auth_group (id, name) FROM stdin;
\.


--
-- Data for Name: auth_group_permissions; Type: TABLE DATA; Schema: public; Owner: dastan
--

COPY public.auth_group_permissions (id, group_id, permission_id) FROM stdin;
\.


--
-- Data for Name: auth_permission; Type: TABLE DATA; Schema: public; Owner: dastan
--

COPY public.auth_permission (id, name, content_type_id, codename) FROM stdin;
1	Can add log entry	1	add_logentry
2	Can change log entry	1	change_logentry
3	Can delete log entry	1	delete_logentry
4	Can view log entry	1	view_logentry
5	Can add permission	2	add_permission
6	Can change permission	2	change_permission
7	Can delete permission	2	delete_permission
8	Can view permission	2	view_permission
9	Can add group	3	add_group
10	Can change group	3	change_group
11	Can delete group	3	delete_group
12	Can view group	3	view_group
13	Can add content type	4	add_contenttype
14	Can change content type	4	change_contenttype
15	Can delete content type	4	delete_contenttype
16	Can view content type	4	view_contenttype
17	Can add session	5	add_session
18	Can change session	5	change_session
19	Can delete session	5	delete_session
20	Can view session	5	view_session
21	Can add Token	6	add_token
22	Can change Token	6	change_token
23	Can delete Token	6	delete_token
24	Can view Token	6	view_token
25	Can add Token	7	add_tokenproxy
26	Can change Token	7	change_tokenproxy
27	Can delete Token	7	delete_tokenproxy
28	Can view Token	7	view_tokenproxy
29	Can add user	8	add_user
30	Can change user	8	change_user
31	Can delete user	8	delete_user
32	Can view user	8	view_user
33	Can add location	9	add_location
34	Can change location	9	change_location
35	Can delete location	9	delete_location
36	Can view location	9	view_location
37	Can add hotel	10	add_hotel
38	Can change hotel	10	change_hotel
39	Can delete hotel	10	delete_hotel
40	Can view hotel	10	view_hotel
41	Can add booking	11	add_booking
42	Can change booking	11	change_booking
43	Can delete booking	11	delete_booking
44	Can view booking	11	view_booking
45	Can add review	12	add_review
46	Can change review	12	change_review
47	Can delete review	12	delete_review
48	Can view review	12	view_review
49	Can add room	13	add_room
50	Can change room	13	change_room
51	Can delete room	13	delete_room
52	Can view room	13	view_room
53	Can add favorite hotel	14	add_favoritehotel
54	Can change favorite hotel	14	change_favoritehotel
55	Can delete favorite hotel	14	delete_favoritehotel
56	Can view favorite hotel	14	view_favoritehotel
57	Can add review like	15	add_reviewlike
58	Can change review like	15	change_reviewlike
59	Can delete review like	15	delete_reviewlike
60	Can view review like	15	view_reviewlike
61	Can add hotel like	16	add_hotellike
62	Can change hotel like	16	change_hotellike
63	Can delete hotel like	16	delete_hotellike
64	Can view hotel like	16	view_hotellike
\.


--
-- Data for Name: authtoken_token; Type: TABLE DATA; Schema: public; Owner: dastan
--

COPY public.authtoken_token (key, created, user_id) FROM stdin;
3c52975e48e84002e1d34f1682537a6e11122827	2024-03-28 14:53:58.071306+06	das@gmail.com
\.


--
-- Data for Name: django_admin_log; Type: TABLE DATA; Schema: public; Owner: dastan
--

COPY public.django_admin_log (id, action_time, object_id, object_repr, action_flag, change_message, content_type_id, user_id) FROM stdin;
\.


--
-- Data for Name: django_content_type; Type: TABLE DATA; Schema: public; Owner: dastan
--

COPY public.django_content_type (id, app_label, model) FROM stdin;
1	admin	logentry
2	auth	permission
3	auth	group
4	contenttypes	contenttype
5	sessions	session
6	authtoken	token
7	authtoken	tokenproxy
8	account	user
9	hotel	location
10	hotel	hotel
11	hotel	booking
12	hotel	review
13	hotel	room
14	hotel	favoritehotel
15	hotel	reviewlike
16	hotel	hotellike
\.


--
-- Data for Name: django_migrations; Type: TABLE DATA; Schema: public; Owner: dastan
--

COPY public.django_migrations (id, app, name, applied) FROM stdin;
1	account	0001_initial	2024-03-28 14:51:43.25826+06
2	account	0002_user_activation_code	2024-03-28 14:51:43.266153+06
3	contenttypes	0001_initial	2024-03-28 14:51:43.281706+06
4	admin	0001_initial	2024-03-28 14:51:43.319426+06
5	admin	0002_logentry_remove_auto_add	2024-03-28 14:51:43.32803+06
6	admin	0003_logentry_add_action_flag_choices	2024-03-28 14:51:43.336677+06
7	contenttypes	0002_remove_content_type_name	2024-03-28 14:51:43.356443+06
8	auth	0001_initial	2024-03-28 14:51:43.430898+06
9	auth	0002_alter_permission_name_max_length	2024-03-28 14:51:43.442491+06
10	auth	0003_alter_user_email_max_length	2024-03-28 14:51:43.453874+06
11	auth	0004_alter_user_username_opts	2024-03-28 14:51:43.472648+06
12	auth	0005_alter_user_last_login_null	2024-03-28 14:51:43.490789+06
13	auth	0006_require_contenttypes_0002	2024-03-28 14:51:43.495129+06
14	auth	0007_alter_validators_add_error_messages	2024-03-28 14:51:43.512005+06
15	auth	0008_alter_user_username_max_length	2024-03-28 14:51:43.528581+06
16	auth	0009_alter_user_last_name_max_length	2024-03-28 14:51:43.543013+06
17	auth	0010_alter_group_name_max_length	2024-03-28 14:51:43.566543+06
18	auth	0011_update_proxy_permissions	2024-03-28 14:51:43.587064+06
19	auth	0012_alter_user_first_name_max_length	2024-03-28 14:51:43.599678+06
20	authtoken	0001_initial	2024-03-28 14:51:43.631046+06
21	authtoken	0002_auto_20160226_1747	2024-03-28 14:51:43.665468+06
22	authtoken	0003_tokenproxy	2024-03-28 14:51:43.670299+06
23	authtoken	0004_alter_tokenproxy_options	2024-03-28 14:51:43.676902+06
24	hotel	0001_initial	2024-03-28 14:51:43.915734+06
25	sessions	0001_initial	2024-03-28 14:51:43.935404+06
26	hotel	0002_alter_hotel_location	2024-03-28 15:03:24.592254+06
27	hotel	0003_alter_hotel_tags	2024-03-28 15:08:08.502163+06
28	hotel	0004_alter_location_city_alter_location_country_and_more	2024-03-28 15:09:07.63785+06
29	hotel	0005_alter_location_address	2024-03-28 15:10:39.798353+06
30	hotel	0006_remove_hotel_location_delete_location	2024-03-28 15:17:48.17789+06
31	hotel	0002_hotel_like_count_hotellike	2024-03-28 16:11:34.881573+06
\.


--
-- Data for Name: django_session; Type: TABLE DATA; Schema: public; Owner: dastan
--

COPY public.django_session (session_key, session_data, expire_date) FROM stdin;
\.


--
-- Data for Name: hotel_booking; Type: TABLE DATA; Schema: public; Owner: dastan
--

COPY public.hotel_booking (id, check_in_date, check_out_date, user_id, hotel_id) FROM stdin;
1	2024-05-03	2024-05-29	das@gmail.com	1
\.


--
-- Data for Name: hotel_favoritehotel; Type: TABLE DATA; Schema: public; Owner: dastan
--

COPY public.hotel_favoritehotel (id, user_id, hotel_id) FROM stdin;
\.


--
-- Data for Name: hotel_hotel; Type: TABLE DATA; Schema: public; Owner: dastan
--

COPY public.hotel_hotel (id, name, phone_number, price, tags, description, photo, stars, owner_id, like_count) FROM stdin;
1	novotel	996777777	20.00	1	good hotel	hotel_photos/wallpaperflare.com_wallpaper.jpg	0	das@gmail.com	0
\.


--
-- Data for Name: hotel_hotellike; Type: TABLE DATA; Schema: public; Owner: dastan
--

COPY public.hotel_hotellike (id, created_at, hotel_id, user_id) FROM stdin;
\.


--
-- Data for Name: hotel_review; Type: TABLE DATA; Schema: public; Owner: dastan
--

COPY public.hotel_review (id, rating, comment, created_at, hotel_id, user_id) FROM stdin;
\.


--
-- Data for Name: hotel_reviewlike; Type: TABLE DATA; Schema: public; Owner: dastan
--

COPY public.hotel_reviewlike (id, created_at, review_id, user_id) FROM stdin;
\.


--
-- Data for Name: hotel_room; Type: TABLE DATA; Schema: public; Owner: dastan
--

COPY public.hotel_room (id, number, price, hotel_id) FROM stdin;
\.


--
-- Name: auth_group_id_seq; Type: SEQUENCE SET; Schema: public; Owner: dastan
--

SELECT pg_catalog.setval('public.auth_group_id_seq', 1, false);


--
-- Name: auth_group_permissions_id_seq; Type: SEQUENCE SET; Schema: public; Owner: dastan
--

SELECT pg_catalog.setval('public.auth_group_permissions_id_seq', 1, false);


--
-- Name: auth_permission_id_seq; Type: SEQUENCE SET; Schema: public; Owner: dastan
--

SELECT pg_catalog.setval('public.auth_permission_id_seq', 64, true);


--
-- Name: django_admin_log_id_seq; Type: SEQUENCE SET; Schema: public; Owner: dastan
--

SELECT pg_catalog.setval('public.django_admin_log_id_seq', 1, false);


--
-- Name: django_content_type_id_seq; Type: SEQUENCE SET; Schema: public; Owner: dastan
--

SELECT pg_catalog.setval('public.django_content_type_id_seq', 16, true);


--
-- Name: django_migrations_id_seq; Type: SEQUENCE SET; Schema: public; Owner: dastan
--

SELECT pg_catalog.setval('public.django_migrations_id_seq', 31, true);


--
-- Name: hotel_booking_id_seq; Type: SEQUENCE SET; Schema: public; Owner: dastan
--

SELECT pg_catalog.setval('public.hotel_booking_id_seq', 1, true);


--
-- Name: hotel_favoritehotel_id_seq; Type: SEQUENCE SET; Schema: public; Owner: dastan
--

SELECT pg_catalog.setval('public.hotel_favoritehotel_id_seq', 1, false);


--
-- Name: hotel_hotel_id_seq; Type: SEQUENCE SET; Schema: public; Owner: dastan
--

SELECT pg_catalog.setval('public.hotel_hotel_id_seq', 1, true);


--
-- Name: hotel_hotellike_id_seq; Type: SEQUENCE SET; Schema: public; Owner: dastan
--

SELECT pg_catalog.setval('public.hotel_hotellike_id_seq', 1, false);


--
-- Name: hotel_review_id_seq; Type: SEQUENCE SET; Schema: public; Owner: dastan
--

SELECT pg_catalog.setval('public.hotel_review_id_seq', 1, false);


--
-- Name: hotel_reviewlike_id_seq; Type: SEQUENCE SET; Schema: public; Owner: dastan
--

SELECT pg_catalog.setval('public.hotel_reviewlike_id_seq', 1, false);


--
-- Name: hotel_room_id_seq; Type: SEQUENCE SET; Schema: public; Owner: dastan
--

SELECT pg_catalog.setval('public.hotel_room_id_seq', 1, false);


--
-- Name: account_user account_user_pkey; Type: CONSTRAINT; Schema: public; Owner: dastan
--

ALTER TABLE ONLY public.account_user
    ADD CONSTRAINT account_user_pkey PRIMARY KEY (email);


--
-- Name: auth_group auth_group_name_key; Type: CONSTRAINT; Schema: public; Owner: dastan
--

ALTER TABLE ONLY public.auth_group
    ADD CONSTRAINT auth_group_name_key UNIQUE (name);


--
-- Name: auth_group_permissions auth_group_permissions_group_id_permission_id_0cd325b0_uniq; Type: CONSTRAINT; Schema: public; Owner: dastan
--

ALTER TABLE ONLY public.auth_group_permissions
    ADD CONSTRAINT auth_group_permissions_group_id_permission_id_0cd325b0_uniq UNIQUE (group_id, permission_id);


--
-- Name: auth_group_permissions auth_group_permissions_pkey; Type: CONSTRAINT; Schema: public; Owner: dastan
--

ALTER TABLE ONLY public.auth_group_permissions
    ADD CONSTRAINT auth_group_permissions_pkey PRIMARY KEY (id);


--
-- Name: auth_group auth_group_pkey; Type: CONSTRAINT; Schema: public; Owner: dastan
--

ALTER TABLE ONLY public.auth_group
    ADD CONSTRAINT auth_group_pkey PRIMARY KEY (id);


--
-- Name: auth_permission auth_permission_content_type_id_codename_01ab375a_uniq; Type: CONSTRAINT; Schema: public; Owner: dastan
--

ALTER TABLE ONLY public.auth_permission
    ADD CONSTRAINT auth_permission_content_type_id_codename_01ab375a_uniq UNIQUE (content_type_id, codename);


--
-- Name: auth_permission auth_permission_pkey; Type: CONSTRAINT; Schema: public; Owner: dastan
--

ALTER TABLE ONLY public.auth_permission
    ADD CONSTRAINT auth_permission_pkey PRIMARY KEY (id);


--
-- Name: authtoken_token authtoken_token_pkey; Type: CONSTRAINT; Schema: public; Owner: dastan
--

ALTER TABLE ONLY public.authtoken_token
    ADD CONSTRAINT authtoken_token_pkey PRIMARY KEY (key);


--
-- Name: authtoken_token authtoken_token_user_id_key; Type: CONSTRAINT; Schema: public; Owner: dastan
--

ALTER TABLE ONLY public.authtoken_token
    ADD CONSTRAINT authtoken_token_user_id_key UNIQUE (user_id);


--
-- Name: django_admin_log django_admin_log_pkey; Type: CONSTRAINT; Schema: public; Owner: dastan
--

ALTER TABLE ONLY public.django_admin_log
    ADD CONSTRAINT django_admin_log_pkey PRIMARY KEY (id);


--
-- Name: django_content_type django_content_type_app_label_model_76bd3d3b_uniq; Type: CONSTRAINT; Schema: public; Owner: dastan
--

ALTER TABLE ONLY public.django_content_type
    ADD CONSTRAINT django_content_type_app_label_model_76bd3d3b_uniq UNIQUE (app_label, model);


--
-- Name: django_content_type django_content_type_pkey; Type: CONSTRAINT; Schema: public; Owner: dastan
--

ALTER TABLE ONLY public.django_content_type
    ADD CONSTRAINT django_content_type_pkey PRIMARY KEY (id);


--
-- Name: django_migrations django_migrations_pkey; Type: CONSTRAINT; Schema: public; Owner: dastan
--

ALTER TABLE ONLY public.django_migrations
    ADD CONSTRAINT django_migrations_pkey PRIMARY KEY (id);


--
-- Name: django_session django_session_pkey; Type: CONSTRAINT; Schema: public; Owner: dastan
--

ALTER TABLE ONLY public.django_session
    ADD CONSTRAINT django_session_pkey PRIMARY KEY (session_key);


--
-- Name: hotel_booking hotel_booking_pkey; Type: CONSTRAINT; Schema: public; Owner: dastan
--

ALTER TABLE ONLY public.hotel_booking
    ADD CONSTRAINT hotel_booking_pkey PRIMARY KEY (id);


--
-- Name: hotel_favoritehotel hotel_favoritehotel_pkey; Type: CONSTRAINT; Schema: public; Owner: dastan
--

ALTER TABLE ONLY public.hotel_favoritehotel
    ADD CONSTRAINT hotel_favoritehotel_pkey PRIMARY KEY (id);


--
-- Name: hotel_favoritehotel hotel_favoritehotel_user_id_hotel_id_328b84d6_uniq; Type: CONSTRAINT; Schema: public; Owner: dastan
--

ALTER TABLE ONLY public.hotel_favoritehotel
    ADD CONSTRAINT hotel_favoritehotel_user_id_hotel_id_328b84d6_uniq UNIQUE (user_id, hotel_id);


--
-- Name: hotel_hotel hotel_hotel_pkey; Type: CONSTRAINT; Schema: public; Owner: dastan
--

ALTER TABLE ONLY public.hotel_hotel
    ADD CONSTRAINT hotel_hotel_pkey PRIMARY KEY (id);


--
-- Name: hotel_hotellike hotel_hotellike_pkey; Type: CONSTRAINT; Schema: public; Owner: dastan
--

ALTER TABLE ONLY public.hotel_hotellike
    ADD CONSTRAINT hotel_hotellike_pkey PRIMARY KEY (id);


--
-- Name: hotel_hotellike hotel_hotellike_user_id_hotel_id_8561f067_uniq; Type: CONSTRAINT; Schema: public; Owner: dastan
--

ALTER TABLE ONLY public.hotel_hotellike
    ADD CONSTRAINT hotel_hotellike_user_id_hotel_id_8561f067_uniq UNIQUE (user_id, hotel_id);


--
-- Name: hotel_review hotel_review_pkey; Type: CONSTRAINT; Schema: public; Owner: dastan
--

ALTER TABLE ONLY public.hotel_review
    ADD CONSTRAINT hotel_review_pkey PRIMARY KEY (id);


--
-- Name: hotel_reviewlike hotel_reviewlike_pkey; Type: CONSTRAINT; Schema: public; Owner: dastan
--

ALTER TABLE ONLY public.hotel_reviewlike
    ADD CONSTRAINT hotel_reviewlike_pkey PRIMARY KEY (id);


--
-- Name: hotel_reviewlike hotel_reviewlike_review_id_user_id_2433b03e_uniq; Type: CONSTRAINT; Schema: public; Owner: dastan
--

ALTER TABLE ONLY public.hotel_reviewlike
    ADD CONSTRAINT hotel_reviewlike_review_id_user_id_2433b03e_uniq UNIQUE (review_id, user_id);


--
-- Name: hotel_room hotel_room_pkey; Type: CONSTRAINT; Schema: public; Owner: dastan
--

ALTER TABLE ONLY public.hotel_room
    ADD CONSTRAINT hotel_room_pkey PRIMARY KEY (id);


--
-- Name: account_user_email_0bd7c421_like; Type: INDEX; Schema: public; Owner: dastan
--

CREATE INDEX account_user_email_0bd7c421_like ON public.account_user USING btree (email varchar_pattern_ops);


--
-- Name: auth_group_name_a6ea08ec_like; Type: INDEX; Schema: public; Owner: dastan
--

CREATE INDEX auth_group_name_a6ea08ec_like ON public.auth_group USING btree (name varchar_pattern_ops);


--
-- Name: auth_group_permissions_group_id_b120cbf9; Type: INDEX; Schema: public; Owner: dastan
--

CREATE INDEX auth_group_permissions_group_id_b120cbf9 ON public.auth_group_permissions USING btree (group_id);


--
-- Name: auth_group_permissions_permission_id_84c5c92e; Type: INDEX; Schema: public; Owner: dastan
--

CREATE INDEX auth_group_permissions_permission_id_84c5c92e ON public.auth_group_permissions USING btree (permission_id);


--
-- Name: auth_permission_content_type_id_2f476e4b; Type: INDEX; Schema: public; Owner: dastan
--

CREATE INDEX auth_permission_content_type_id_2f476e4b ON public.auth_permission USING btree (content_type_id);


--
-- Name: authtoken_token_key_10f0b77e_like; Type: INDEX; Schema: public; Owner: dastan
--

CREATE INDEX authtoken_token_key_10f0b77e_like ON public.authtoken_token USING btree (key varchar_pattern_ops);


--
-- Name: authtoken_token_user_id_35299eff_like; Type: INDEX; Schema: public; Owner: dastan
--

CREATE INDEX authtoken_token_user_id_35299eff_like ON public.authtoken_token USING btree (user_id varchar_pattern_ops);


--
-- Name: django_admin_log_content_type_id_c4bce8eb; Type: INDEX; Schema: public; Owner: dastan
--

CREATE INDEX django_admin_log_content_type_id_c4bce8eb ON public.django_admin_log USING btree (content_type_id);


--
-- Name: django_admin_log_user_id_c564eba6; Type: INDEX; Schema: public; Owner: dastan
--

CREATE INDEX django_admin_log_user_id_c564eba6 ON public.django_admin_log USING btree (user_id);


--
-- Name: django_admin_log_user_id_c564eba6_like; Type: INDEX; Schema: public; Owner: dastan
--

CREATE INDEX django_admin_log_user_id_c564eba6_like ON public.django_admin_log USING btree (user_id varchar_pattern_ops);


--
-- Name: django_session_expire_date_a5c62663; Type: INDEX; Schema: public; Owner: dastan
--

CREATE INDEX django_session_expire_date_a5c62663 ON public.django_session USING btree (expire_date);


--
-- Name: django_session_session_key_c0390e0f_like; Type: INDEX; Schema: public; Owner: dastan
--

CREATE INDEX django_session_session_key_c0390e0f_like ON public.django_session USING btree (session_key varchar_pattern_ops);


--
-- Name: hotel_booking_hotel_id_dc04efe3; Type: INDEX; Schema: public; Owner: dastan
--

CREATE INDEX hotel_booking_hotel_id_dc04efe3 ON public.hotel_booking USING btree (hotel_id);


--
-- Name: hotel_booking_user_id_2a2702b8; Type: INDEX; Schema: public; Owner: dastan
--

CREATE INDEX hotel_booking_user_id_2a2702b8 ON public.hotel_booking USING btree (user_id);


--
-- Name: hotel_booking_user_id_2a2702b8_like; Type: INDEX; Schema: public; Owner: dastan
--

CREATE INDEX hotel_booking_user_id_2a2702b8_like ON public.hotel_booking USING btree (user_id varchar_pattern_ops);


--
-- Name: hotel_favoritehotel_hotel_id_ba610022; Type: INDEX; Schema: public; Owner: dastan
--

CREATE INDEX hotel_favoritehotel_hotel_id_ba610022 ON public.hotel_favoritehotel USING btree (hotel_id);


--
-- Name: hotel_favoritehotel_user_id_12949ba9; Type: INDEX; Schema: public; Owner: dastan
--

CREATE INDEX hotel_favoritehotel_user_id_12949ba9 ON public.hotel_favoritehotel USING btree (user_id);


--
-- Name: hotel_favoritehotel_user_id_12949ba9_like; Type: INDEX; Schema: public; Owner: dastan
--

CREATE INDEX hotel_favoritehotel_user_id_12949ba9_like ON public.hotel_favoritehotel USING btree (user_id varchar_pattern_ops);


--
-- Name: hotel_hotel_owner_id_e0eb098e; Type: INDEX; Schema: public; Owner: dastan
--

CREATE INDEX hotel_hotel_owner_id_e0eb098e ON public.hotel_hotel USING btree (owner_id);


--
-- Name: hotel_hotel_owner_id_e0eb098e_like; Type: INDEX; Schema: public; Owner: dastan
--

CREATE INDEX hotel_hotel_owner_id_e0eb098e_like ON public.hotel_hotel USING btree (owner_id varchar_pattern_ops);


--
-- Name: hotel_hotellike_hotel_id_b1f4eeda; Type: INDEX; Schema: public; Owner: dastan
--

CREATE INDEX hotel_hotellike_hotel_id_b1f4eeda ON public.hotel_hotellike USING btree (hotel_id);


--
-- Name: hotel_hotellike_user_id_6ba38939; Type: INDEX; Schema: public; Owner: dastan
--

CREATE INDEX hotel_hotellike_user_id_6ba38939 ON public.hotel_hotellike USING btree (user_id);


--
-- Name: hotel_hotellike_user_id_6ba38939_like; Type: INDEX; Schema: public; Owner: dastan
--

CREATE INDEX hotel_hotellike_user_id_6ba38939_like ON public.hotel_hotellike USING btree (user_id varchar_pattern_ops);


--
-- Name: hotel_review_hotel_id_84b7e376; Type: INDEX; Schema: public; Owner: dastan
--

CREATE INDEX hotel_review_hotel_id_84b7e376 ON public.hotel_review USING btree (hotel_id);


--
-- Name: hotel_review_user_id_aba6c0af; Type: INDEX; Schema: public; Owner: dastan
--

CREATE INDEX hotel_review_user_id_aba6c0af ON public.hotel_review USING btree (user_id);


--
-- Name: hotel_review_user_id_aba6c0af_like; Type: INDEX; Schema: public; Owner: dastan
--

CREATE INDEX hotel_review_user_id_aba6c0af_like ON public.hotel_review USING btree (user_id varchar_pattern_ops);


--
-- Name: hotel_reviewlike_review_id_79e70306; Type: INDEX; Schema: public; Owner: dastan
--

CREATE INDEX hotel_reviewlike_review_id_79e70306 ON public.hotel_reviewlike USING btree (review_id);


--
-- Name: hotel_reviewlike_user_id_841f7bb5; Type: INDEX; Schema: public; Owner: dastan
--

CREATE INDEX hotel_reviewlike_user_id_841f7bb5 ON public.hotel_reviewlike USING btree (user_id);


--
-- Name: hotel_reviewlike_user_id_841f7bb5_like; Type: INDEX; Schema: public; Owner: dastan
--

CREATE INDEX hotel_reviewlike_user_id_841f7bb5_like ON public.hotel_reviewlike USING btree (user_id varchar_pattern_ops);


--
-- Name: hotel_room_hotel_id_c05078e5; Type: INDEX; Schema: public; Owner: dastan
--

CREATE INDEX hotel_room_hotel_id_c05078e5 ON public.hotel_room USING btree (hotel_id);


--
-- Name: auth_group_permissions auth_group_permissio_permission_id_84c5c92e_fk_auth_perm; Type: FK CONSTRAINT; Schema: public; Owner: dastan
--

ALTER TABLE ONLY public.auth_group_permissions
    ADD CONSTRAINT auth_group_permissio_permission_id_84c5c92e_fk_auth_perm FOREIGN KEY (permission_id) REFERENCES public.auth_permission(id) DEFERRABLE INITIALLY DEFERRED;


--
-- Name: auth_group_permissions auth_group_permissions_group_id_b120cbf9_fk_auth_group_id; Type: FK CONSTRAINT; Schema: public; Owner: dastan
--

ALTER TABLE ONLY public.auth_group_permissions
    ADD CONSTRAINT auth_group_permissions_group_id_b120cbf9_fk_auth_group_id FOREIGN KEY (group_id) REFERENCES public.auth_group(id) DEFERRABLE INITIALLY DEFERRED;


--
-- Name: auth_permission auth_permission_content_type_id_2f476e4b_fk_django_co; Type: FK CONSTRAINT; Schema: public; Owner: dastan
--

ALTER TABLE ONLY public.auth_permission
    ADD CONSTRAINT auth_permission_content_type_id_2f476e4b_fk_django_co FOREIGN KEY (content_type_id) REFERENCES public.django_content_type(id) DEFERRABLE INITIALLY DEFERRED;


--
-- Name: authtoken_token authtoken_token_user_id_35299eff_fk_account_user_email; Type: FK CONSTRAINT; Schema: public; Owner: dastan
--

ALTER TABLE ONLY public.authtoken_token
    ADD CONSTRAINT authtoken_token_user_id_35299eff_fk_account_user_email FOREIGN KEY (user_id) REFERENCES public.account_user(email) DEFERRABLE INITIALLY DEFERRED;


--
-- Name: django_admin_log django_admin_log_content_type_id_c4bce8eb_fk_django_co; Type: FK CONSTRAINT; Schema: public; Owner: dastan
--

ALTER TABLE ONLY public.django_admin_log
    ADD CONSTRAINT django_admin_log_content_type_id_c4bce8eb_fk_django_co FOREIGN KEY (content_type_id) REFERENCES public.django_content_type(id) DEFERRABLE INITIALLY DEFERRED;


--
-- Name: django_admin_log django_admin_log_user_id_c564eba6_fk_account_user_email; Type: FK CONSTRAINT; Schema: public; Owner: dastan
--

ALTER TABLE ONLY public.django_admin_log
    ADD CONSTRAINT django_admin_log_user_id_c564eba6_fk_account_user_email FOREIGN KEY (user_id) REFERENCES public.account_user(email) DEFERRABLE INITIALLY DEFERRED;


--
-- Name: hotel_booking hotel_booking_hotel_id_dc04efe3_fk_hotel_hotel_id; Type: FK CONSTRAINT; Schema: public; Owner: dastan
--

ALTER TABLE ONLY public.hotel_booking
    ADD CONSTRAINT hotel_booking_hotel_id_dc04efe3_fk_hotel_hotel_id FOREIGN KEY (hotel_id) REFERENCES public.hotel_hotel(id) DEFERRABLE INITIALLY DEFERRED;


--
-- Name: hotel_booking hotel_booking_user_id_2a2702b8_fk_account_user_email; Type: FK CONSTRAINT; Schema: public; Owner: dastan
--

ALTER TABLE ONLY public.hotel_booking
    ADD CONSTRAINT hotel_booking_user_id_2a2702b8_fk_account_user_email FOREIGN KEY (user_id) REFERENCES public.account_user(email) DEFERRABLE INITIALLY DEFERRED;


--
-- Name: hotel_favoritehotel hotel_favoritehotel_hotel_id_ba610022_fk_hotel_hotel_id; Type: FK CONSTRAINT; Schema: public; Owner: dastan
--

ALTER TABLE ONLY public.hotel_favoritehotel
    ADD CONSTRAINT hotel_favoritehotel_hotel_id_ba610022_fk_hotel_hotel_id FOREIGN KEY (hotel_id) REFERENCES public.hotel_hotel(id) DEFERRABLE INITIALLY DEFERRED;


--
-- Name: hotel_favoritehotel hotel_favoritehotel_user_id_12949ba9_fk_account_user_email; Type: FK CONSTRAINT; Schema: public; Owner: dastan
--

ALTER TABLE ONLY public.hotel_favoritehotel
    ADD CONSTRAINT hotel_favoritehotel_user_id_12949ba9_fk_account_user_email FOREIGN KEY (user_id) REFERENCES public.account_user(email) DEFERRABLE INITIALLY DEFERRED;


--
-- Name: hotel_hotel hotel_hotel_owner_id_e0eb098e_fk_account_user_email; Type: FK CONSTRAINT; Schema: public; Owner: dastan
--

ALTER TABLE ONLY public.hotel_hotel
    ADD CONSTRAINT hotel_hotel_owner_id_e0eb098e_fk_account_user_email FOREIGN KEY (owner_id) REFERENCES public.account_user(email) DEFERRABLE INITIALLY DEFERRED;


--
-- Name: hotel_hotellike hotel_hotellike_hotel_id_b1f4eeda_fk_hotel_hotel_id; Type: FK CONSTRAINT; Schema: public; Owner: dastan
--

ALTER TABLE ONLY public.hotel_hotellike
    ADD CONSTRAINT hotel_hotellike_hotel_id_b1f4eeda_fk_hotel_hotel_id FOREIGN KEY (hotel_id) REFERENCES public.hotel_hotel(id) DEFERRABLE INITIALLY DEFERRED;


--
-- Name: hotel_hotellike hotel_hotellike_user_id_6ba38939_fk_account_user_email; Type: FK CONSTRAINT; Schema: public; Owner: dastan
--

ALTER TABLE ONLY public.hotel_hotellike
    ADD CONSTRAINT hotel_hotellike_user_id_6ba38939_fk_account_user_email FOREIGN KEY (user_id) REFERENCES public.account_user(email) DEFERRABLE INITIALLY DEFERRED;


--
-- Name: hotel_review hotel_review_hotel_id_84b7e376_fk_hotel_hotel_id; Type: FK CONSTRAINT; Schema: public; Owner: dastan
--

ALTER TABLE ONLY public.hotel_review
    ADD CONSTRAINT hotel_review_hotel_id_84b7e376_fk_hotel_hotel_id FOREIGN KEY (hotel_id) REFERENCES public.hotel_hotel(id) DEFERRABLE INITIALLY DEFERRED;


--
-- Name: hotel_review hotel_review_user_id_aba6c0af_fk_account_user_email; Type: FK CONSTRAINT; Schema: public; Owner: dastan
--

ALTER TABLE ONLY public.hotel_review
    ADD CONSTRAINT hotel_review_user_id_aba6c0af_fk_account_user_email FOREIGN KEY (user_id) REFERENCES public.account_user(email) DEFERRABLE INITIALLY DEFERRED;


--
-- Name: hotel_reviewlike hotel_reviewlike_review_id_79e70306_fk_hotel_review_id; Type: FK CONSTRAINT; Schema: public; Owner: dastan
--

ALTER TABLE ONLY public.hotel_reviewlike
    ADD CONSTRAINT hotel_reviewlike_review_id_79e70306_fk_hotel_review_id FOREIGN KEY (review_id) REFERENCES public.hotel_review(id) DEFERRABLE INITIALLY DEFERRED;


--
-- Name: hotel_reviewlike hotel_reviewlike_user_id_841f7bb5_fk_account_user_email; Type: FK CONSTRAINT; Schema: public; Owner: dastan
--

ALTER TABLE ONLY public.hotel_reviewlike
    ADD CONSTRAINT hotel_reviewlike_user_id_841f7bb5_fk_account_user_email FOREIGN KEY (user_id) REFERENCES public.account_user(email) DEFERRABLE INITIALLY DEFERRED;


--
-- Name: hotel_room hotel_room_hotel_id_c05078e5_fk_hotel_hotel_id; Type: FK CONSTRAINT; Schema: public; Owner: dastan
--

ALTER TABLE ONLY public.hotel_room
    ADD CONSTRAINT hotel_room_hotel_id_c05078e5_fk_hotel_hotel_id FOREIGN KEY (hotel_id) REFERENCES public.hotel_hotel(id) DEFERRABLE INITIALLY DEFERRED;


--
-- PostgreSQL database dump complete
--

